Cuenta,Nombre,Estado
100000000000000000001,CAJA BANCOS,Nueva (destino en $0)
100001000000000000002,CAJA CHICA,Nueva (destino en $0)
100002000000000000002,DISPONIBLE,Nueva (destino en $0)
100003000000000000002,DISPONIBLE,Nueva (destino en $0)
100004000000000000002,DISPONIBLE,Nueva (destino en $0)
100006000000000000002,DISPONIBLE,Nueva (destino en $0)
100007000000000000002,DISPONIBLE,Nueva (destino en $0)
100009000000000000002,DISPONIBLE,Nueva (destino en $0)
100010000000000000002,DISPONIBLE,Nueva (destino en $0)
100010001000000000003,DISPONIBLE,Nueva (destino en $0)
100010002000000000003,DISPONIBLE,Nueva (destino en $0)
100011000000000000002,DISPONIBLE,Nueva (destino en $0)
102000000000000000001,DEPOSITOS EN GARANTIA,Nueva (destino en $0)
102001000000000000002,DEPOSITOS,Nueva (destino en $0)
102002000000000000002,KEPTOS S.A. DE C.V.,Nueva (destino en $0)
102010000000000000002,DEP. EN GARANTIA DIVISIONES,Nueva (destino en $0)
102010002000000000003,DEP. EN GARANTIA MONTERREY,Nueva (destino en $0)
103000000000000000001,CUENTAS POR COBRAR EMISIONES,Nueva (destino en $0)
103003000000000000002,EMISION ANUAL,Nueva (destino en $0)
103003001000000000003,CUOTAS ENER-DIC.,Nueva (destino en $0)
103003002000000000003,CUOTAS JUL-JUN,Nueva (destino en $0)
103003010000000000003,DEP.MEMBRESIAS NO IDENTIF.,Nueva (destino en $0)
103010000000000000002,CTAS. POR COBRAR DIVISIONES,Nueva (destino en $0)
103010001000000000003,EMISION ANUAL GUADALAJARA,Nueva (destino en $0)
103010002000000000003,EMISION ANUAL MONTERREY,Nueva (destino en $0)
103011000000000000002,EMISION ANUAL X DEVENGAR,Nueva (destino en $0)
103011003000000000003,EMISION ANUAL X DEVENG. GDL.,Nueva (destino en $0)
110009000000000000002,DISPONIBLE,Nueva (destino en $0)
103011004000000000003,EMISION ANUAL X DEVENGAR MTY,Nueva (destino en $0)
104000000000000000001,CUENTAS POR COBRAR,Nueva (destino en $0)
104004000000000000002,FUNCIONARIOS Y EMPLEADOS,Nueva (destino en $0)
10400400A000000000003,"FUN. Y EMP. ""A""",Nueva (destino en $0)
10400400A020000000004,DISPONIBLE,Nueva (destino en $0)
10400400A050000000004,DISPONIBLE,Nueva (destino en $0)
10400400B000000000003,"FUNC. Y EMPL. ""B""",Nueva (destino en $0)
10400400B030000000004,DISPONIBLE,Nueva (destino en $0)
10400400C000000000003,"FUNC. Y EMPL. ""C""",Nueva (destino en $0)
10400400C050000000004,DISPONIBLE,Nueva (destino en $0)
10400400C070000000004,DISPONIBLE,Nueva (destino en $0)
10400400D000000000003,"FUNC. Y EMPL. ""D""",Nueva (destino en $0)
10400400D020000000004,DISPONIBLE,Nueva (destino en $0)
10400400D040000000004,DISPONIBLE,Nueva (destino en $0)
10400400F000000000003,"FUNC. Y EMPL. ""F""",Nueva (destino en $0)
10400400F020000000004,DISPONIBLE,Nueva (destino en $0)
10400400G000000000003,"FUNC. Y EMPL. ""G""",Nueva (destino en $0)
10400400G080000000004,GARCIA SOLORZANO OFELIA,Nueva (destino en $0)
10400400G090000000004,GUZMAN PEREZ LUIS GERARDO,Nueva (destino en $0)
10400400G100000000004,GONZALEZ SOLANO CLAUDIA ALEJANDRA,Nueva (destino en $0)
10400400G110000000004,GLOVER DRAKE AMY,Nueva (destino en $0)
10400400G120000000004,GOMEZ FORERO JAIME,Nueva (destino en $0)
10400400H000000000003,"FUNC. Y EMPL. ""H""",Nueva (destino en $0)
10400400H030000000004,HERRERA VARELA MA. DEL CARMEN,Nueva (destino en $0)
10400400H040000000004,HERNANDEZ HERNANDEZ ANDREA,Nueva (destino en $0)
10400400I000000000003,"FUNC. Y EMPL. ""I""",Nueva (destino en $0)
10400400L000000000003,"FUNC. Y EMPL. ""L""",Nueva (destino en $0)
10400400L010000000004,LINARES DE LA O. OMAR AUGUSTO,Nueva (destino en $0)
10400400L020000000004,LEMUS FLORES NORMA ELIZABETH,Nueva (destino en $0)
10400400L030000000004,LEYVA GONZALEZ PATRICIA,Nueva (destino en $0)
10400400L040000000004,LUGO BOJORGE JUANA,Nueva (destino en $0)
10400400M000000000003,"FUNC. Y EMPL. ""M""",Nueva (destino en $0)
10400400N000000000003,"FUNC. Y EMPL. ""N""",Nueva (destino en $0)
10400400O000000000003,"FUNC. Y EMPL. ""O""",Nueva (destino en $0)
10400400O030000000004,OSORIO MARIA FERNANDA,Nueva (destino en $0)
10400400P000000000003,"FUNC. Y EMPL. ""P""",Nueva (destino en $0)
10400400P030000000004,PRADO CASTILLO FRANCISCO JAVIER,Nueva (destino en $0)
10400400P040000000004,PEREZ BALDERAS NORMA,Nueva (destino en $0)
10400400P050000000004,PALLARES YURITZI,Nueva (destino en $0)
10400400P070000000004,PREVISION SOCIAL,Nueva (destino en $0)
10400400P080000000004,PADILLA BERTHA GRICELDA,Nueva (destino en $0)
10400400R000000000003,"FUNC. Y EMPL. ""R""",Nueva (destino en $0)
10400400S000000000003,"FUNC. Y EMPL. ""S""",Nueva (destino en $0)
10400400S050000000004,SOOTS ESPINOSA ALMA CONCEPCION,Nueva (destino en $0)
10400400S060000000004,SANTANA LAURA AMALIA,Nueva (destino en $0)
10400400T000000000003,"FUNC. Y EMPL. ""T""",Nueva (destino en $0)
10400400T040000000004,TORRES ESCALANTE MA. DEL PILAR,Nueva (destino en $0)
10400400V000000000003,"FUNC. Y EMPL ""V""",Nueva (destino en $0)
10400400V010000000004,VALDERRABANO LEON OSCAR EMILIANO,Nueva (destino en $0)
10400400W000000000003,"FUNC. Y EMPL. ""W""",Nueva (destino en $0)
10400400W010000000004,WOLF PONCE CARLOS GUILLERMO,Nueva (destino en $0)
10400400Z000000000003,"FUNC. Y EMPL. ""Z""",Nueva (destino en $0)
104005000000000000002,OTRAS CUENTAS POR COBRAR SOCIOS,Nueva (destino en $0)
10400500A000000000003,"CUENTAS POR COBRAR ""A""",Nueva (destino en $0)
10400500B000000000003,"CUENTAS POR COBRAR ""B""",Nueva (destino en $0)
10400500C000000000003,"CUENTAS POR COBRAR ""C""",Nueva (destino en $0)
10400500C010000000004,CASTILLO ENRIQUEZ SOFIA,Nueva (destino en $0)
10400500D000000000003,"CUENTAS POR COBRAR ""D""",Nueva (destino en $0)
10400500E000000000003,"CUENTAS POR COBRAR ""E""",Nueva (destino en $0)
10400500E030000000004,EVENTO SECRETARIAS,Nueva (destino en $0)
10400500E060000000004,EVENTO CENA DE GALA SOCIOS,Nueva (destino en $0)
10400500F000000000003,"CUENTAS POR COBRAR ""F""",Nueva (destino en $0)
10400500G000000000003,"CUENTAS POR COBRAR ""G""",Nueva (destino en $0)
10400500G020000000004,GASTOS POR APLICAR,Nueva (destino en $0)
10400500G030000000004,"GRUPO AM-CHAM DE AUXILIO, A.C.",Nueva (destino en $0)
10400500H000000000003,"CUENTAS POR COBRAR ""H""",Nueva (destino en $0)
10400500H010000000004,HERNANDEZ RENDON MARGARITA EULALIA,Nueva (destino en $0)
10400500I000000000003,"CUENTAS POR COBRAR ""I""",Nueva (destino en $0)
10400500J000000000003,"CUENTAS POR COBRAR ""J""",Nueva (destino en $0)
10400500K000000000003,"CUENTAS POR COBRAR ""K""",Nueva (destino en $0)
10400500L000000000003,"CUENTAS POR COBRAR ""L""",Nueva (destino en $0)
10400500M000000000003,"CUENTAS POR COBRAR ""M""",Nueva (destino en $0)
10400500N000000000003,"CUENTAS POR COBRAR ""N""",Nueva (destino en $0)
10400500O000000000003,"CUENTAS POR COBRAR ""O""",Nueva (destino en $0)
10400500P000000000003,"CUENTAS POR COBRAR ""P""",Nueva (destino en $0)
10400500R000000000003,"CUENTAS POR COBRAR ""R""",Nueva (destino en $0)
10400500R010000000004,RINER STEEBINS DEBORAH LERENE,Nueva (destino en $0)
10400500S000000000003,"CUENTAS POR COBRAR ""S""",Nueva (destino en $0)
10400500T000000000003,"CUENTAS POR COBRAR ""T""",Nueva (destino en $0)
10400500U000000000003,"CUENTAS POR COBRAR ""U""",Nueva (destino en $0)
10400500U020000000004,U.S. CHAMBER,Nueva (destino en $0)
10400500V000000000003,"CUENTAS POR COBRAR ""V""",Nueva (destino en $0)
10400500W000000000003,"CUENTAS POR COBRAR ""W""",Nueva (destino en $0)
10400500X000000000003,"CUENTAS POR COBRAR ""X""",Nueva (destino en $0)
104010000000000000002,CUENTAS POR COBRAR DIVISIONES,Nueva (destino en $0)
104010001000000000003,CTAS. POR COBRAR GUADALAJARA,Nueva (destino en $0)
104010002000000000003,CTAS. POR COBRAR MONTERREY,Nueva (destino en $0)
20000A053000000000003,DISPONIBLE,Nueva (destino en $0)
20000J007000000000003,DISPONIBLE,Nueva (destino en $0)
104013000000000000002,GASTOS ANTICIPADOS DE EVENTOS,Nueva (destino en $0)
104013003000000000003,EVENTOS ESPECIALES,Nueva (destino en $0)
104013006000000000003,TORNEO DE GOLF GTOS. ANTICIPADOS,Nueva (destino en $0)
104015000000000000002,CONVENCION NACIONAL,Nueva (destino en $0)
104015001000000000003,ANUAL,Nueva (destino en $0)
104100000000000000002,CUENTAS POR COBRAR DIVISIONES,Nueva (destino en $0)
104100001000000000003,CTAS. POR COBRAR GUADALAJARA,Nueva (destino en $0)
104100002000000000003,CTAS.POR COBRAR MONTERREY,Nueva (destino en $0)
105000000000000000001,DISPONIBLE,Nueva (destino en $0)
106000000000000000001,DISPONIBLE,Nueva (destino en $0)
106001000000000000002,DISPONIBLE,Nueva (destino en $0)
106001001000000000003,DISPONIBLE,Nueva (destino en $0)
106001002000000000003,DISPONIBLE,Nueva (destino en $0)
106001003000000000003,DISPONIBLE,Nueva (destino en $0)
106001004000000000003,DISPONIBLE,Nueva (destino en $0)
106001005000000000003,DISPONIBLE,Nueva (destino en $0)
106002000000000000002,DISPONIBLE,Nueva (destino en $0)
106003000000000000002,DISPONIBLE,Nueva (destino en $0)
106003001000000000003,DISPONIBLE,Nueva (destino en $0)
106003002000000000003,DISPONIBLE,Nueva (destino en $0)
106003004000000000003,DISPONIBLE,Nueva (destino en $0)
106003005000000000003,DISPONIBLE,Nueva (destino en $0)
106003006000000000003,DISPONIBLE,Nueva (destino en $0)
106003007000000000003,DISPONIBLE,Nueva (destino en $0)
106003008000000000003,DISPONIBLE,Nueva (destino en $0)
106003009000000000003,DISPONIBLE,Nueva (destino en $0)
106003011000000000003,DISPONIBLE,Nueva (destino en $0)
106003012000000000003,DISPONIBLE,Nueva (destino en $0)
106003013000000000003,DISPONIBLE,Nueva (destino en $0)
106003014000000000003,DISPONIBLE,Nueva (destino en $0)
106003015000000000003,DISPONIBLE,Nueva (destino en $0)
106003016000000000003,DISPONIBLE,Nueva (destino en $0)
106003017000000000003,DISPONIBLE,Nueva (destino en $0)
106003018000000000003,DISPONIBLE,Nueva (destino en $0)
106003019000000000003,DISPONIBLE,Nueva (destino en $0)
701002008000000000003,DISPONIBLE,Nueva (destino en $0)
106003020000000000003,DISPONIBLE,Nueva (destino en $0)
106003021000000000003,DISPONIBLE,Nueva (destino en $0)
106003022000000000003,DISPONIBLE,Nueva (destino en $0)
106003023000000000003,DISPONIBLE,Nueva (destino en $0)
106003024000000000003,DISPONIBLE,Nueva (destino en $0)
106004000000000000002,DISPONIBLE,Nueva (destino en $0)
106004001000000000003,DISPONIBLE,Nueva (destino en $0)
106004002000000000003,DISPONIBLE,Nueva (destino en $0)
106004005000000000003,DISPONIBLE,Nueva (destino en $0)
106004006000000000003,DISPONIBLE,Nueva (destino en $0)
106004007000000000003,DISPONIBLE,Nueva (destino en $0)
106004008000000000003,DISPONIBLE,Nueva (destino en $0)
106004009000000000003,DISPONIBLE,Nueva (destino en $0)
106004010000000000003,DISPONIBLE,Nueva (destino en $0)
106004012000000000003,DISPONIBLE,Nueva (destino en $0)
106004013000000000003,DISPONIBLE,Nueva (destino en $0)
106004014000000000003,DISPONIBLE,Nueva (destino en $0)
106004015000000000003,DISPONIBLE,Nueva (destino en $0)
106005000000000000002,DISPONIBLE,Nueva (destino en $0)
106005001000000000003,DISPONIBLE,Nueva (destino en $0)
106005002000000000003,DISPONIBLE,Nueva (destino en $0)
501000000000000000001,NOMINA  NOROESTE,Se sobrescribe (tenía valor)
501001000000000000002,SUELDOS Y PRESTACIONES,Nueva (destino en $0)
501001001000000000003,SUELDOS,Nueva (destino en $0)
501005000000000000002,SUELDOS CORPORATIVOS,Nueva (destino en $0)
501005001000000000003,SUELDOS CORPORATIVOS,Nueva (destino en $0)
901000000000000000001,GASTOS GENERALES,Se sobrescribe (tenía valor)
901008000000000000002,MANTENIMIENTO,Se sobrescribe (tenía valor)
901008004000000000003,MANTTO. EQ. DE COMPUTO,Se sobrescribe (tenía valor)
990000000000000000001,DISPONIBLE,Nueva (destino en $0)
990001000000000000002,DISPONIBLE,Nueva (destino en $0)
990001001000000000003,DISPONIBLE,Nueva (destino en $0)
501002000000000000002,IMPUESTOS PATRONALES,Nueva (destino en $0)
501002001000000000003,IMSS,Nueva (destino en $0)
220000000000000000001,IVA GLOBAL,Nueva (destino en $0)
220001000000000000002,IVA ACUMULADO,Nueva (destino en $0)
220001001000000000003,I.V.A FACTURADO,Nueva (destino en $0)
211000000000000000001,EVENTOS POR REALIZAR,Nueva (destino en $0)
211006000000000000002,DEPOSITOS POR IDENTIFICAR,Nueva (destino en $0)
202000000000000000001,IMPUESTOS POR PAGAR,Nueva (destino en $0)
202015000000000000002,ISR RET. REGIMEN SIMPLIFICADO DE CONFIAN,Nueva (destino en $0)
502000000000000000001,DISPONIBLE,Nueva (destino en $0)
502003000000000000002,DISPONIBLE,Nueva (destino en $0)
801000000000000000001,GASTOS ADMINISTRATIVOS,Se sobrescribe (tenía valor)
801005000000000000002,PAPELERIA Y ARTICULOS DE OFICINA,Se sobrescribe (tenía valor)
801005001000000000003,PAPELERIA Y ARTICULOS DE OFICINA,Se sobrescribe (tenía valor)
801002000000000000002,HERRAMIENTAS TELE-TRABAJO,Se sobrescribe (tenía valor)
901006000000000000002,GTOS. FINANCIEROS,Se sobrescribe (tenía valor)
901006003000000000003,COMISIONES MP,Nueva (destino en $0)
901011000000000000002,HONORARIOS,Nueva (destino en $0)
901011004000000000003,DISPONIBLE,Nueva (destino en $0)
701000000000000000001,COSTO COMITES,Se sobrescribe (tenía valor)
701003000000000000002,DISPONIBLE,Nueva (destino en $0)
801004000000000000002,PASAJES Y ESTACIONAMIENTOS,Nueva (destino en $0)
901006002000000000003,COMISIONES EDENRED,Nueva (destino en $0)
901005000000000000002,AMORTIZACIONES,Nueva (destino en $0)
901011001000000000003,DISPONIBLE,Nueva (destino en $0)
901004000000000000002,DEPRECIACIONES,Se sobrescribe (tenía valor)
901004003000000000003,DISPONIBLE,Nueva (destino en $0)
201000000000000000001,PROVISIONES DIVERSAS,Nueva (destino en $0)
201010000000000000002,PROV. NOMINAS NOROESTE,Nueva (destino en $0)
202013000000000000002,10% RET. ISR ARRENDAMIENTO,Nueva (destino en $0)
203000000000000000001,ACREEDORES MEMBRESIAS,Nueva (destino en $0)
203003000000000000002,CUOTAS SOCIOS,Nueva (destino en $0)
203003001000000000003,ENE-DIC,Nueva (destino en $0)
203003002000000000003,FEB-ENE,Nueva (destino en $0)
203003003000000000003,MAR-FEB,Nueva (destino en $0)
203003004000000000003,ABR-MAR,Nueva (destino en $0)
203003005000000000003,MAY-ABR,Nueva (destino en $0)
203003006000000000003,JUN-MAY,Nueva (destino en $0)
203003007000000000003,JUL-JUN,Nueva (destino en $0)
203003008000000000003,AGO-JUL,Nueva (destino en $0)
203003009000000000003,SEP-AGO,Nueva (destino en $0)
203003010000000000003,OCT-SEP,Nueva (destino en $0)
203003011000000000003,NOV-OCT,Nueva (destino en $0)
203003012000000000003,DIC-NOV,Nueva (destino en $0)
203004000000000000002,INGRESOS MEMBRESIAS POR APLICAR,Nueva (destino en $0)
210000000000000000001,ING. DIFERIDOS DE CUOTAS,Nueva (destino en $0)
210001000000000000002,DESCUENTO CUOTA GENERALES,Nueva (destino en $0)
220001002000000000003,I.V.A. ACREDITABLE 100%,Nueva (destino en $0)
220001003000000000003,I.V.A. COBRADO,Nueva (destino en $0)
220001004000000000003,IVA ACREDITABLE POR PAGAR,Nueva (destino en $0)
220002000000000000002,I.V.A A PRORRATA,Nueva (destino en $0)
220002001000000000003,I.V.A A PRORRATA,Nueva (destino en $0)
10400400F030000000004,FUNCIONARIOS Y EMPLEADOS AMCHAM,Nueva (destino en $0)
110000000000000000001,PROPIEDADES Y EQUIPOS,Nueva (destino en $0)
110003000000000000002,EQUIPO DE COMPUTO,Nueva (destino en $0)
111000000000000000001,DEPRECIACION ACUMULADA,Nueva (destino en $0)
111004000000000000002,DEP. ACUM. EQUIPO DE COMPUTO,Nueva (destino en $0)
120000000000000000001,GASTOS ANTICIPADOS,Nueva (destino en $0)
120001000000000000002,SEGUROS Y FIANZAS,Nueva (destino en $0)
200000000000000000001,CUENTAS POR PAGAR,Nueva (destino en $0)
200001000000000000002,OTRAS CUENTAS POR PAGAR,Nueva (destino en $0)
20000200F000000000003,"CUENTAS POR PAGAR ""F""",Nueva (destino en $0)
20000200F010000000004,FUNCIONARIOS Y EMPLEADOS AMCHAM,Nueva (destino en $0)
201001000000000000002,GRATIFICACION ANUAL,Nueva (destino en $0)
201002000000000000002,BONO EMPLEADOS,Nueva (destino en $0)
201003000000000000002,PRIMA VACACIONAL,Nueva (destino en $0)
201009000000000000002,COSTO ADMINISTRATIVO MEXICO,Nueva (destino en $0)
201004000000000000002,VACACIONES,Nueva (destino en $0)
201005000000000000002,COMPENSACION EXTRAORDINARIA,Nueva (destino en $0)
201006000000000000002,PRIMA DE ANTIGUEDAD,Nueva (destino en $0)
201007000000000000002,INDEMNIZACION LEGAL ANTES JUBILACION,Nueva (destino en $0)
202001000000000000002,ISR RETENIDO SUELDOS,Nueva (destino en $0)
202002000000000000002,CUOTAS AL IMSS,Nueva (destino en $0)
202003000000000000002,SAR,Nueva (destino en $0)
202004000000000000002,CESANTIA Y VEJEZ,Nueva (destino en $0)
202005000000000000002,5% INFONAVIT,Nueva (destino en $0)
202006000000000000002,AMORTIZACION CREDITO INFONAVIT,Nueva (destino en $0)
202007000000000000002,IMPUESTO SOBRE NOMINAS,Nueva (destino en $0)
202008000000000000002,SUBSIDIO AL EMPLEO,Nueva (destino en $0)
202009000000000000002,IVA POR PAGAR,Nueva (destino en $0)
202010000000000000002,IVA RET. PERSONAS FISICAS,Nueva (destino en $0)
202011000000000000002,4% RETENCION IVA FLETES,Nueva (destino en $0)
201008000000000000002,VALES DE DESPENSA,Nueva (destino en $0)
202012000000000000002,10% RET. ISR HONORARIOS,Nueva (destino en $0)
202014000000000000002,ISR RETENIDO ASIMILADOS,Nueva (destino en $0)
240000000000000000001,INTERCOMPANY,Nueva (destino en $0)
240001000000000000002,INTERCOMPANY MEXICO,Nueva (destino en $0)
240002000000000000002,INTERCOMPANY GUADALAJARA,Nueva (destino en $0)
240003000000000000002,INTERCOMPANY MONTERREY,Nueva (destino en $0)
300000000000000000001,UTILIDAD(PERDIDA) ACUMULADAS,Nueva (destino en $0)
400000000000000000001,INGRESOS MEMBRESIAS,Se sobrescribe (tenía valor)
400001000000000000002,AMORTIZACION MEMBRESIA RENOVACIONES,Se sobrescribe (tenía valor)
400002000000000000002,DESCUENTO POR PRONTO PAGO,Se sobrescribe (tenía valor)
400003000000000000002,AMORTIZACION MEMBRESIA SOCIOS NUEVOS,Se sobrescribe (tenía valor)
401000000000000000001,CUOTAS DE INSCRIPCION,Se sobrescribe (tenía valor)
401001000000000000002,CUOTAS DE INSCRIPCION SOCIOS NUEVOS,Nueva (destino en $0)
402000000000000000001,VENTA DE PUBLICACIONES,Se sobrescribe (tenía valor)
402001000000000000002,ENCUESTA DE SUELDOS Y PRESTACIONES,Se sobrescribe (tenía valor)
403000000000000000001,COMITES,Se sobrescribe (tenía valor)
404000000000000000001,EVENTOS,Se sobrescribe (tenía valor)
405000000000000000001,OTROS INGRESOS,Nueva (destino en $0)
405001000000000000002,OTROS,Nueva (destino en $0)
405002000000000000002,UTLIDAD EN VENTA DE ACTIVO FIJO,Nueva (destino en $0)
405003000000000000002,UTILIDAD CAMBIARIA,Nueva (destino en $0)
501001002000000000003,VACACIONES,Nueva (destino en $0)
501001003000000000003,PRIMA VACACIONAL,Nueva (destino en $0)
501001004000000000003,VALES DE DESPENSA,Nueva (destino en $0)
501001005000000000003,COMISIONES,Nueva (destino en $0)
501001006000000000003,BONO EMPLEADOS,Nueva (destino en $0)
501001007000000000003,COMPENSACIONES,Nueva (destino en $0)
501001008000000000003,GRATIFICACION ANUAL,Nueva (destino en $0)
501001009000000000003,FONDO DE AHORRO EMPRESA,Nueva (destino en $0)
501001010000000000003,SUBSIDIO POR INCAPACIDAD,Nueva (destino en $0)
501001011000000000003,AJUSTE DE SUELDO,Nueva (destino en $0)
501002002000000000003,SAR,Nueva (destino en $0)
501002003000000000003,CESANTIA Y VEJEZ,Nueva (destino en $0)
501002004000000000003,INFONAVIT,Nueva (destino en $0)
501002005000000000003,IMPUESTO SOBRE NOMINA,Nueva (destino en $0)
501003000000000000002,PRESTACIONES CONTRACTUALES,Nueva (destino en $0)
501003001000000000003,PRIMA DE ANTIGÜEDAD,Nueva (destino en $0)
501003002000000000003,INDEMNIZACION LEGAL ANTES DE JUBILACION,Nueva (destino en $0)
601000000000000000001,COSTO DE PUBLICACIONES,Se sobrescribe (tenía valor)
601001000000000000002,COSTO ENCUESTA SUELDOS Y PRESTACIONES,Se sobrescribe (tenía valor)
702000000000000000001,COSTO EVENTOS,Se sobrescribe (tenía valor)
801001000000000000002,GASOLINA,Se sobrescribe (tenía valor)
801003000000000000002,TELEFONO,Se sobrescribe (tenía valor)
801006000000000000002,SERVICIOS ADMINISTRATIVOS (PERSONAL),Se sobrescribe (tenía valor)
901004004000000000003,DEP. ACUM. EQUIPO DE COMPUTO,Se sobrescribe (tenía valor)
901012000000000000002,DIVERSOS SCF,Nueva (destino en $0)
902000000000000000001,OTROS GASTOS,Nueva (destino en $0)
902001000000000000002,OTROS,Nueva (destino en $0)
902002000000000000002,PERDIDA EN VENTA DE ACTIVO FIJO,Nueva (destino en $0)
902003000000000000002,PERDIDA CAMBIARIA,Nueva (destino en $0)
901006001000000000003,COMISIONES BANCARIAS,Nueva (destino en $0)
903000000000000000001,GASTOS CORPORATIVOS,Se sobrescribe (tenía valor)
801007000000000000002,GASTOS DE VIAJE,Se sobrescribe (tenía valor)
801007001000000000003,GASTOS DE VIAJE,Nueva (destino en $0)
801007002000000000003,GASTOS DE VIAJE SRF,Nueva (destino en $0)
404001000000000000002,EVENTOS ESPECIALES,Nueva (destino en $0)
702001000000000000002,EVENTOS ESPECIALES,Se sobrescribe (tenía valor)
20000200M000000000003,"CUENTAS POR PAGAR ""M""",Nueva (destino en $0)
20000200M010000000004,MENDEL,Nueva (destino en $0)
901007000000000000002,IVA A PRORRATA NO ACREDITABLE,Se sobrescribe (tenía valor)
901009000000000000002,ARTICULOS DE DESPENSA Y CAFETERIA,Se sobrescribe (tenía valor)
901002000000000000002,TELEFONIA E INTERNET,Se sobrescribe (tenía valor)
901002001000000000003,INTERNET,Se sobrescribe (tenía valor)
802000000000000000001,GTOS. DE LOCAL,Nueva (destino en $0)
802001000000000000002,ENERGIA ELECTRICA,Nueva (destino en $0)
802002000000000000002,SERVICIOS DE AGUA/DRENAJE,Nueva (destino en $0)
802003000000000000002,ALARMA Y MONITOREO,Nueva (destino en $0)
802004000000000000002,DISPONIBLE,Nueva (destino en $0)
802004001000000000003,DISPONIBLE,Nueva (destino en $0)
802004002000000000003,DISPONIBLE,Nueva (destino en $0)
901008001000000000003,MANTTO. MOB. Y EQ.,Nueva (destino en $0)
901010000000000000002,REUNION FIN DE AÑO,Se sobrescribe (tenía valor)
901013000000000000002,BECARIOS,Se sobrescribe (tenía valor)
901014000000000000002,GTOS. DE REPRESENTACION,Nueva (destino en $0)
211005000000000000002,EVENTOS ESPECIALES,Nueva (destino en $0)
903001000000000000002,SUELDOS CORPORATIVOS,Se sobrescribe (tenía valor)
903002000000000000002,SEGURO GASTOS MEDICOS MAYORES,Se sobrescribe (tenía valor)
901003000000000000002,SERVICIOS DE MENSAJERIA,Se sobrescribe (tenía valor)
404002000000000000002,CHAMBER DAY,Nueva (destino en $0)
702002000000000000002,CHAMBER DAY,Nueva (destino en $0)
702003000000000000002,ASAMBLEA ANUAL,Se sobrescribe (tenía valor)
300001000000000000002,RESULTADO DEL EJERCICIO 2024,Nueva (destino en $0)
903003000000000000002,SEGURO DE VIDA,Se sobrescribe (tenía valor)
201011000000000000002,SEGUROS Y FIANZAS,Nueva (destino en $0)
901015000000000000002,GASTOS EXTRAORDINARIOS,Se sobrescribe (tenía valor)
201012000000000000002,FONDO DE AHORRO EMPRESA,Nueva (destino en $0)
201013000000000000002,FONDO DE AHORRO COLABORADOR,Nueva (destino en $0)
801008000000000000002,MANTTO. EQUIPO DE TRANSPORTE,Nueva (destino en $0)
403001000000000000002,OTROS COMITES,Se sobrescribe (tenía valor)
406000000000000000001,PATROCINIOS,Se sobrescribe (tenía valor)
406001000000000000002,EVENTOS ESPECIALES,Se sobrescribe (tenía valor)
406002000000000000002,CHAMBER DAY,Nueva (destino en $0)
701001000000000000002,OTROS COMITES,Se sobrescribe (tenía valor)
701002000000000000002,JUNTAS DE CONSEJO,Nueva (destino en $0)
407000000000000000001,TRADE & INVESTMENT CENTER,Se sobrescribe (tenía valor)
407001000000000000002,SEMICON WEST,Se sobrescribe (tenía valor)
407002000000000000002,NORTH AMERICA WEEK,Nueva (destino en $0)
703000000000000000001,TRADE & INVESTMENT CENTER,Se sobrescribe (tenía valor)
703001000000000000002,SEMICON WEST,Se sobrescribe (tenía valor)
703002000000000000002,NORTH AMERICA WEEK,Nueva (destino en $0)
403002000000000000002,JUNTAS DE CONSEJO,Nueva (destino en $0)
605000000000000000001,GASTOS DE PROMOCION,Se sobrescribe (tenía valor)
901001000000000000002,SERVICIOS GENERALES,Nueva (destino en $0)
901008003000000000003,MANTENIMIENT DE OFICINA,Se sobrescribe (tenía valor)
903004000000000000002,SEGURO EMPRESARIAL,Nueva (destino en $0)
903005000000000000002,SEGURO GOBIERNO CORPORATIVO,Se sobrescribe (tenía valor)
903006000000000000002,PROGRAMA DE ASISTENCIA EMPRESARIAL (PAE),Se sobrescribe (tenía valor)
903007000000000000002,DOMINIOS,Se sobrescribe (tenía valor)
903008000000000000002,CRM,Se sobrescribe (tenía valor)
903009000000000000002,SERVICIOS DE TELECOMUNICACION,Se sobrescribe (tenía valor)
903010000000000000002,LICENCIAS GENERALES,Se sobrescribe (tenía valor)
903011000000000000002,LICENCIAS CORREOS CORPORATIVOS,Se sobrescribe (tenía valor)
903012000000000000002,ESTUDIO ACTUARIAL,Se sobrescribe (tenía valor)
903013000000000000002,GASTOS NOTARIALES,Se sobrescribe (tenía valor)
903014000000000000002,AUDITORIAS EXTERNAS,Se sobrescribe (tenía valor)
903015000000000000002,REGISTRO DE MARCAS,Se sobrescribe (tenía valor)
903016000000000000002,MEMBRESIA AACCLA,Se sobrescribe (tenía valor)
903017000000000000002,T&IC LICENCIAS,Se sobrescribe (tenía valor)
903018000000000000002,LINKEDIN HERRAMIENTA,Se sobrescribe (tenía valor)
903019000000000000002,ZOOM HERRAMIENTA,Se sobrescribe (tenía valor)
903020000000000000002,NARWHALHUB HERRAMIENTA,Se sobrescribe (tenía valor)
903021000000000000002,POSICIONAMIENTO,Se sobrescribe (tenía valor)
503000000000000000001,COMISIONES MEMBRESIA,Se sobrescribe (tenía valor)
503001000000000000002,COMISIONES MEMBRESIA,Nueva (destino en $0)
605001000000000000002,ONBOARDING,Se sobrescribe (tenía valor)
504000000000000000001,COMISIONES COMITES,Nueva (destino en $0)
504001000000000000002,COMISIONES COMITES,Nueva (destino en $0)
407003000000000000002,SELECT USA,Nueva (destino en $0)
407004000000000000002,BRIEFING T&IC,Nueva (destino en $0)
703003000000000000002,SELECT USA,Nueva (destino en $0)
703004000000000000002,BRIEFING T&IC,Nueva (destino en $0)
901016000000000000002,RECURSOS HUMANOS,Se sobrescribe (tenía valor)
901016001000000000003,CAPACITACION E INTERCAMBIO DE TALENTO,Se sobrescribe (tenía valor)
901016002000000000003,PROGRAMA DE RECONOCIMIENTOS,Se sobrescribe (tenía valor)
901016003000000000003,CLIMA ORGANIZACIONAL,Se sobrescribe (tenía valor)
901017000000000000002,COMUNICACION,Se sobrescribe (tenía valor)
901017001000000000003,AGENCIAS DE COMUNICACION,Se sobrescribe (tenía valor)
901017002000000000003,CONTENIDOS MULTIMEDIA,Se sobrescribe (tenía valor)
901017003000000000003,LICENCIAS MARKETING,Se sobrescribe (tenía valor)
901017004000000000003,TRADUCTOR,Se sobrescribe (tenía valor)
901001001000000000003,ENERGIA ELECTRICA,Nueva (destino en $0)
901001002000000000003,AGUA POTABLE / DRENAJE,Nueva (destino en $0)
901008003010000000004,MANTENIMIENT DE OFICINA,Nueva (destino en $0)
901008003020000000004,ASEO DE OFICINAS,Nueva (destino en $0)
901008003030000000004,VIGILANCIA Y MONITOREO,Nueva (destino en $0)
605002000000000000002,INTERCAMBIOS,Nueva (destino en $0)
120002000000000000002,ESTUDIO ACTUARIAL,Nueva (destino en $0)
300002000000000000002,RESULTADO DEL EJERCICIO 2025,Nueva (destino en $0)
404003000000000000002,ASAMBLEA ANUAL,Se sobrescribe (tenía valor)
404004000000000000002,TORNEO DE GOLF,Se sobrescribe (tenía valor)
404005000000000000002,NORTH AMERICA WEEK,Se sobrescribe (tenía valor)
404006000000000000002,FORO COMITES,Nueva (destino en $0)
404007000000000000002,OPEN HOUSE,Nueva (destino en $0)
404008000000000000002,EXTEND OUR REACH,Nueva (destino en $0)
406003000000000000002,ASAMBLEA ANUAL,Se sobrescribe (tenía valor)
406004000000000000002,TORNEO DE GOLF,Se sobrescribe (tenía valor)
406005000000000000002,NORTH AMERICA WEEK,Se sobrescribe (tenía valor)
406006000000000000002,FORO COMITES,Se sobrescribe (tenía valor)
406007000000000000002,OPEN HOUSE,Se sobrescribe (tenía valor)
406008000000000000002,EXTEND OUR REACH,Se sobrescribe (tenía valor)
702004000000000000002,TORNEO DE GOLF,Se sobrescribe (tenía valor)
702005000000000000002,NORTH AMERICA WEEK,Se sobrescribe (tenía valor)
702006000000000000002,FORO COMITES,Se sobrescribe (tenía valor)
702007000000000000002,OPEN HOUSE,Se sobrescribe (tenía valor)
702008000000000000002,EXTEND OUR REACH,Se sobrescribe (tenía valor)
120003000000000000002,CUOTAS ACCLAA,Nueva (destino en $0)
120004000000000000002,PAE PROGRAMA DE ASISTENCIA EMPRESARIAL,Nueva (destino en $0)
120005000000000000002,GOOGLE APPS UNLIMITED,Nueva (destino en $0)
120006000000000000002,LICENCIAS ADOBE,Nueva (destino en $0)
120007000000000000002,ONE SOURCE,Nueva (destino en $0)
120008000000000000002,LINKEDIN,Nueva (destino en $0)
120009000000000000002,ANTIVIRUS EQUIPO DE COMPUTO,Nueva (destino en $0)
120010000000000000002,LICENCIAS,Nueva (destino en $0)
120011000000000000002,HOSTING PAGINA WEB,Nueva (destino en $0)
120012000000000000002,HERRAMIENTAS T&IC,Nueva (destino en $0)
120013000000000000002,SERVICIOS TECNOLOGICOS,Nueva (destino en $0)
120014000000000000002,WORKY (NOMINA),Nueva (destino en $0)
201014000000000000002,AUDITORIA FINANCIERA,Nueva (destino en $0)
201015000000000000002,AUDITORIA IMSS E ISN,Nueva (destino en $0)
201016000000000000002,AUDITORIA FISCAL,Nueva (destino en $0)
201017000000000000002,HONORARIOS LEGALES,Nueva (destino en $0)
201018000000000000002,REGISTRO DE MARCAS (DOMINIOS),Nueva (destino en $0)